workers,num_topics,duration,test_perplexity
1,10,2035.20637130737,72.6219681583567
1,50,1611.57873821259,84.4576634425204
4,10,1093.38988447189,72.7426751237203
4,50,1067.98234367371,82.1158844326998
8,10,1154.86769986153,72.7918846426738
8,50,1133.31571578979,80.7221164981172
16,10,1333.44537091255,73.1124430056353
